DEF_PLAYER_ID,PLAYER_NAME,POSS,avg_PTS,simple_eff,expected,over_exp,slugTeam,MIN,PCT_Diff,PCT_Eff
1628415,Dillon Brooks,4527.9,27.172627487356174,0.9692280945757996,1.0314409029222495,-0.06221280834644993,MEM,2214,1,0.773972602739726
1630529,Herbert Jones,3822.9,27.027131235449527,0.9697866046904712,1.0423290314712785,-0.07254242678080736,NOP,1912,0.9965753424657534,0.8527397260273972
1629656,Quentin Grimes,4096.8,26.908838605741067,1.0268197695426988,1.0348412356864412,-0.008021466143742328,NYK,2089,0.9931506849315068,0.4041095890410959
1630183,Jaden McDaniels,4831.5,26.808022353306427,0.9966645489199492,1.0326940160942502,-0.036029467174301,MIN,2382,0.9897260273972602,0.6027397260273972
201976,Patrick Beverley,2512.4,26.719292310141697,1.0529580775760743,1.0385688450712838,0.014389232504790517,LAL,1793,0.9863013698630136,0.2602739726027397
1629652,Luguentz Dort,4712.3,26.694215139104045,0.9726502311248074,1.0270868296775002,-0.05443659855269278,OKC,2272,0.9828767123287672,0.726027397260274
1627936,Alex Caruso,3092.4,26.673852024317682,0.9678994805310128,1.0307791885336008,-0.06287970800258802,CHI,1560,0.9794520547945206,0.7808219178082192
1627827,Dorian Finney-Smith,2491.8,26.567140219921342,0.9682928401108463,1.0419213464883443,-0.07362850637749807,DAL,2009,0.976027397260274,0.8561643835616438
200782,P.J. Tucker,3718,26.479445938676708,1.001173867894713,1.0421084847287925,-0.040934616834079396,PHI,1920,0.9726027397260274,0.6472602739726028
201950,Jrue Holiday,4459.2,26.33984122712594,0.945086282538754,1.0335679849971047,-0.08848170245835063,MIL,2183,0.9691780821917808,0.8904109589041096
1629680,Matisse Thybulle,1193.6,26.301801273458445,0.8536032633328298,1.016783925369718,-0.1631806620368882,PHI,1200,0.9657534246575342,0.9931506849315068
1629001,De'Anthony Melton,4211.8,26.290574101334347,1.0219662005066452,1.024647341194821,-0.0026811406881757094,PHI,2150,0.9623287671232876,0.3493150684931507
1628384,O.G. Anunoby,4731.9,26.170434709102054,0.9459899800415462,1.0468288683282643,-0.10083888828671805,TOR,2386,0.958904109589041,0.9417808219178082
1629614,Andrew Nembhard,4156.4,25.96899961505149,1.0048455000397172,1.0281475087267886,-0.02330200868707144,IND,2036,0.9554794520547946,0.5171232876712328
1629020,Jarred Vanderbilt,1254.4,25.940840242346937,1.0817925012840268,1.0201513711274297,0.06164113015659711,LAL,1860,0.952054794520548,0.07534246575342465
1627827,Dorian Finney-Smith,1445.2,25.786686963742042,1.0450938649119412,1.0384895942079466,0.006604270703994608,BKN,2009,0.9486301369863014,0.3013698630136986
1630174,Aaron Nesmith,3665.9,25.751597152131808,1.1278844080224284,1.0345498939564284,0.09333451406600002,IND,1792,0.9452054794520548,0.03424657534246575
1628969,Mikal Bridges,4062.1,25.714640210728444,1.0050943136444996,1.024874517292848,-0.019780203648348316,PHX,2963,0.9417808219178082,0.4794520547945205
1630171,Isaac Okoro,3255,25.67614746543779,1.026469061761144,1.0201977498057775,0.006271311955366565,CLE,1653,0.9383561643835616,0.3047945205479452
203952,Andrew Wiggins,2500.5,25.550457908418316,1.03125,1.0230481896237962,0.008201810376203822,GSW,1190,0.934931506849315,0.2910958904109589
1630172,Patrick Williams,4622.2,25.52735710267838,0.993786494984279,1.0363501603290302,-0.0425636653447512,CHI,2301,0.9315068493150684,0.6712328767123288
1628404,Josh Hart,3410.6,25.464454934615613,1.0562052055827988,1.03867011624071,0.017535089342088916,POR,2429,0.928082191780822,0.25
1628969,Mikal Bridges,1841.2,25.46410493156637,0.9553283100107642,1.0216460798860565,-0.06631776987529225,BKN,2963,0.9246575342465754,0.8184931506849316
203471,Dennis Schroder,4096.7,25.236155930382992,0.9588895952532317,1.0128480525304626,-0.05395845727723092,LAL,1986,0.9212328767123288,0.7191780821917808
1630228,Jonathan Kuminga,2768.9,25.230521145581278,0.9609224855861628,1.0329339093250582,-0.07201142373889546,GSW,1370,0.9178082191780822,0.8458904109589042
203493,Reggie Bullock,4637.6,25.2178670001725,1.039204929101958,1.0337453142023858,0.0054596148995722515,DAL,2364,0.9143835616438356,0.3150684931506849
1628404,Josh Hart,1424.8,25.13859489051095,0.9747164461247637,1.0297542012574303,-0.05503775513266662,NYK,2429,0.910958904109589,0.7294520547945206
1631110,Jeremy Sochan,2978.1,25.0928645780867,1.0623605651758208,1.0322468859821798,0.03011367919364094,SAS,1458,0.9075342465753424,0.1952054794520548
203932,Aaron Gordon,4084.6,25.052115262204378,0.9285275265607165,1.0291370176049073,-0.10060949104419081,DEN,2027,0.9041095890410958,0.9383561643835616
1630205,Lamar Stevens,2079.4,25.001740886794266,0.9042859197468719,1.0227472863064264,-0.11846136655955453,CLE,1102,0.9006849315068494,0.9691780821917808
1629680,Matisse Thybulle,1248.3,24.992710085716578,1.0415133225379065,1.0244709128482257,0.01704240968968085,POR,1200,0.8972602739726028,0.2534246575342466
202710,Jimmy Butler,4175.1,24.975471246197692,0.9482394861456234,1.028468938789586,-0.08022945264396264,MIA,2138,0.8938356164383562,0.8767123287671232
1630166,Deni Avdija,4058.7,24.974738216670364,1.0597469054698845,1.0343288710400942,0.025418034429790293,WAS,2020,0.8904109589041096,0.2089041095890411
1628975,Jevon Carter,3636.6,24.96406533575318,0.9551820728291317,1.0076611844844836,-0.05247911165535191,MIL,1792,0.886986301369863,0.708904109589041
1630245,Ayo Dosunmu,4139.3,24.94725195081294,0.9715333189562217,1.0171180281608267,-0.045584709204605,CHI,2074,0.8835616438356164,0.6815068493150684
203924,Jerami Grant,4500.8,24.913977515108424,1.00063822027717,1.030290891374538,-0.029652671097368133,POR,2246,0.8801369863013698,0.5582191780821918
1628997,Caleb Martin,4029.1,24.87333399518503,0.9948415622697125,1.0183684516522573,-0.02352688938254477,MIA,2068,0.8767123287671232,0.5205479452054794
1629006,Josh Okogie,2605.7,24.807690831638332,0.9619630353876237,1.0259385812644473,-0.06397554587682353,PHX,1320,0.8732876712328768,0.7945205479452054
203935,Marcus Smart,3989.9,24.80271184741472,1.0200153964588146,1.0248002929461457,-0.004784896487331158,BOS,1957,0.8698630136986302,0.3698630136986301
1627749,Dejounte Murray,5535.3,24.768395570249126,0.9951328101418653,1.0248614727193404,-0.029728662577475085,ATL,2693,0.8664383561643836,0.5616438356164384
203484,Kentavious Caldwell-Pope,4716.7,24.758882269383257,1.0461348909373005,1.0228360062722928,0.023298884665007735,DEN,2352,0.863013698630137,0.22602739726027396
203085,Austin Rivers,2068,24.700865570599614,1.0416666666666665,1.0182909843442385,0.023375682322428037,MIN,1016,0.8595890410958904,0.2226027397260274
203914,Gary Harris,2393.6,24.687688001336902,1.0058779700306317,1.0436812045912205,-0.03780323456058876,ORL,1184,0.8561643835616438,0.613013698630137
1630230,Naji Marshall,3546,24.6326790750141,1.037392884964944,1.0254505799284905,0.011942305036453549,NOP,1780,0.8527397260273972,0.2671232876712329
1629631,De'Andre Hunter,4371.4,24.520785103170613,1.0035465138937605,1.0283639876243973,-0.024817473730636808,ATL,2109,0.8493150684931506,0.5445205479452054
1629611,Terance Mann,3606.8,24.512038371964067,0.9831996945399006,1.0332145898386194,-0.05001489529871872,LAC,1829,0.8458904109589042,0.6986301369863014
1628470,Torrey Craig,3889.1,24.485783343189944,0.9709044908285894,1.03463771329051,-0.06373322246192059,PHX,1942,0.8424657534246576,0.7876712328767124
1630558,Davion Mitchell,2895.8,24.459341114717866,0.960899424014178,1.0021977903231412,-0.04129836630896311,SAC,1447,0.839041095890411,0.6575342465753424
203084,Harrison Barnes,5388.6,24.40396021230004,0.9877810204932491,1.0298264127926142,-0.0420453922993651,SAC,2644,0.8356164383561644,0.6678082191780822
202699,Tobias Harris,4722.8,24.37535360379436,0.9610009889495637,1.032785895120254,-0.07178490617069033,PHI,2436,0.8321917808219178,0.8424657534246576
201587,Nicolas Batum,3334.4,24.350017994241842,1.0326483780118911,1.0319675182046932,6.808598071978977e-4,LAC,1664,0.8287671232876712,0.3321917808219178
1628365,Markelle Fultz,3566.2,24.34501710504178,0.9978511952726296,1.0214808784504934,-0.023629683177863847,ORL,1767,0.8253424657534246,0.523972602739726
1629667,Jalen McDaniels,796.6,24.30965352749184,1.0798168789808917,1.0325446684111828,0.04727221056970898,PHI,1895,0.821917808219178,0.11301369863013698
1627747,Caris LeVert,4298.9,24.214280397310944,0.9903727980335928,1.0213959861879978,-0.031023188154404968,CLE,2237,0.8184931506849316,0.571917808219178
1628386,Jarrett Allen,4249.2,24.14872681916596,0.9440155043606013,1.0419856139312993,-0.09797010957069796,CLE,2208,0.815068493150685,0.9246575342465754
1629645,Kevin Porter Jr.,3956.1,24.132082101059126,1.0726006563675659,1.0277866528614248,0.044814003506141065,HOU,2024,0.8116438356164384,0.13013698630136986
1627732,Ben Simmons,2223.4,24.101380768192858,0.9330806239976672,1.0253911668565967,-0.09231054285892948,BKN,1105,0.8082191780821918,0.9041095890410958
1630700,Dyson Daniels,2064.5,24.087444901913294,0.9081530573965237,1.0155495463529551,-0.10739648895643139,NOP,1042,0.8047945205479452,0.9554794520547946
1629011,Mitchell Robinson,3047.1,24.082540776475994,0.9447500597943075,1.0444543869406286,-0.09970432714632116,NYK,1562,0.8013698630136986,0.9315068493150684
1629628,RJ Barrett,4835.2,24.05419837855725,1.0183800736661683,1.030544203849555,-0.012164130183386579,NYK,2438,0.797945205479452,0.4383561643835616
1630587,Isaiah Livers,2360.9,24.038544622813333,1.0051220881279819,1.0249078259032942,-0.01978573777531234,DET,1199,0.7945205479452054,0.4828767123287671
201566,Russell Westbrook,1182.2,24.03107765183556,0.9128232005590495,1.0486520782663258,-0.13582887770727625,LAC,2061,0.791095890410959,0.9828767123287672
1630534,Ochai Agbaji,2306.1,24.024539265426476,0.9996206373292867,1.025936964532846,-0.026316327203559253,UTA,1147,0.7876712328767124,0.547945205479452
1628976,Wendell Carter Jr.,3375.4,23.991429163950936,1.0323660714285716,1.0394808495835486,-0.007114778154976964,ORL,1673,0.7842465753424658,0.3938356164383562
203994,Jusuf Nurkic,2773.5,23.976574725076617,1.0118763902129013,1.053501592759215,-0.041625202546313744,POR,1391,0.7808219178082192,0.6643835616438356
1628978,Donte DiVincenzo,3809.7,23.975184397721605,1.01731786384576,1.0139274586694071,0.0033904051763529175,GSW,1873,0.7773972602739726,0.3219178082191781
202330,Gordon Hayward,3271.9,23.960356367859653,0.9356924123851651,1.0403382243686214,-0.10464581198345635,CHA,1577,0.773972602739726,0.9452054794520548
1627759,Jaylen Brown,4904.9,23.931099512732168,0.9760655216284987,1.0314167427829322,-0.05535122115443347,BOS,2405,0.7705479452054794,0.7397260273972602
201569,Eric Gordon,2890.6,23.920905694319522,0.9521597770552717,1.016844479103169,-0.06468470204789734,HOU,1926,0.7671232876712328,0.8047945205479452
1626172,Kevon Looney,3913.8,23.903653738055084,1.0207891514083454,1.0452726141875606,-0.024483462779215204,GSW,1936,0.7636986301369864,0.5342465753424658
202331,Paul George,3841,23.897604790419162,1.0075353484040301,1.030506377764236,-0.022971029360205897,LAC,1939,0.7602739726027398,0.5136986301369864
1629020,Jarred Vanderbilt,2503.2,23.894610898050495,1.0850537244959555,1.038130601021304,0.04692312347465144,UTA,1860,0.7568493150684932,0.11643835616438356
1630200,Tre Jones,3905.6,23.89112812371979,0.9999138933138157,1.0195964878632944,-0.019682594549478627,SAS,1929,0.7534246575342466,0.476027397260274
1626220,Royce O'Neale,4782.1,23.88794462683758,0.9806234468874838,1.0283258946791878,-0.04770244779170396,BKN,2409,0.75,0.6883561643835616
1629684,Grant Williams,4031.4,23.8820459393759,1.033134010484928,1.0264396732253322,0.006694337259595784,BOS,2039,0.7465753424657534,0.2979452054794521
1628972,Troy Brown Jr.,3771.1,23.864493118718677,1.0642038638150002,1.029156324173497,0.03504753964150331,LAL,1842,0.7431506849315068,0.17123287671232876
201144,Mike Conley,2562.3,23.849681926394254,1.0606751824817517,1.0157063810487184,0.04496880143303339,UTA,1970,0.7397260273972602,0.1267123287671233
1628971,Bruce Brown,4415.1,23.848626305179952,0.952548950432175,1.0193371777046256,-0.0667882272724506,DEN,2248,0.7363013698630136,0.821917808219178
1628372,Dennis Smith Jr.,2806.2,23.840941486708005,0.911258729347641,1.0113616001738934,-0.10010287082625247,CHA,1390,0.7328767123287672,0.934931506849315
202691,Klay Thompson,4635.5,23.82226512781793,1.0298777727478496,1.0347237542839767,-0.004845981536127031,GSW,2257,0.7294520547945206,0.3732876712328767
203991,Clint Capela,3572.7,23.813160914714363,1.0038084874863984,1.0464142312796163,-0.04260574379321791,ATL,1730,0.726027397260274,0.6746575342465754
1630567,Scottie Barnes,5231.7,23.77647609763557,1.029515729939908,1.0356336660592107,-0.006117936119302669,TOR,2656,0.7226027397260274,0.386986301369863
203501,Tim Hardaway Jr.,4240.3,23.753908921538567,1.0145970394736843,1.0243464205659027,-0.009749381092218457,DAL,2152,0.7191780821917808,0.4246575342465753
1626162,Kelly Oubre Jr.,3190.8,23.727463332079726,1.0754316873674643,1.0300478750336513,0.045383812333813056,CHA,1548,0.7157534246575342,0.1232876712328767
201976,Patrick Beverley,1121.4,23.69681647940075,0.9982253771073646,1.020127629421894,-0.021902252314529358,CHI,1793,0.7123287671232876,0.5034246575342466
1630532,Franz Wagner,5201.9,23.682508314269786,1.0151918784649723,1.028675842509953,-0.013483964044980645,ORL,2594,0.708904109589041,0.4417808219178082
1627832,Fred VanVleet,5014.2,23.6823880180288,0.9867009867009868,1.027003780747697,-0.04030279404671022,TOR,2535,0.7054794520547946,0.6335616438356164
203500,Steven Adams,2321.7,23.662376706723524,0.872681281618887,1.0334807943964677,-0.16079951277758064,MEM,1133,0.702054794520548,0.9897260273972602
1626153,Delon Wright,2414,23.652663628831814,1.0191496267445634,1.0141582088805532,0.00499141786401025,WAS,1221,0.6986301369863014,0.3184931506849315
1626179,Terry Rozier,4530.6,23.637562353772125,1.0616784630940344,1.0231988681454107,0.03847959494862363,CHA,2221,0.6952054794520548,0.1506849315068493
1626167,Myles Turner,3709.4,23.627096026311534,1.0051042913857207,1.045442441523379,-0.04033815013765829,IND,1825,0.6917808219178082,0.636986301369863
1630591,Jalen Suggs,2470.5,23.625205424003237,0.9814253721512317,1.0276174807382734,-0.0461921085870417,ORL,1231,0.6883561643835616,0.684931506849315
1627751,Jakob Poeltl,2454.7,23.619179533140507,1.0453117990130103,1.044555259320969,7.565396920412581e-4,SAS,1895,0.684931506849315,0.3287671232876712
202695,Kawhi Leonard,3355.5,23.606738191029653,0.9686866411353908,1.034297253632411,-0.06561061249702027,LAC,1683,0.6815068493150684,0.815068493150685
1629026,Kenrich Williams,2428.4,23.599044638445065,0.9692636544556645,1.0287346595153908,-0.059471005059726245,OKC,1206,0.678082191780822,0.7602739726027398
1626196,Josh Richardson,975.9,23.57618608463982,1.0616740088105727,1.021676297307225,0.03999771150334763,NOP,1501,0.6746575342465754,0.1404109589041096
1628966,Keita Bates-Diop,2851.6,23.569504839388415,0.9651992861392029,1.0299715931910778,-0.06477230705187487,SAS,1403,0.6712328767123288,0.8116438356164384
1628401,Derrick White,4619.1,23.53676040787166,0.92938338510343,1.0247446204736972,-0.0953612353702672,BOS,2314,0.6678082191780822,0.9143835616438356
1628398,Kyle Kuzma,4479.2,23.532945615288448,0.9392098573952005,1.0311705862730987,-0.09196072887789819,WAS,2239,0.6643835616438356,0.8972602739726028
1626196,Josh Richardson,2053.3,23.530881994837575,1.1022672455378677,1.0247946683421036,0.07747257719576406,SAS,1501,0.660958904109589,0.05136986301369863
1628368,De'Aaron Fox,4947.9,23.51984276157562,1.0231119012615815,1.0111931601860304,0.01191874107555102,SAC,2418,0.6575342465753424,0.2705479452054795
1628418,Thomas Bryant,1821.7,23.513580721304276,1.113402782633014,1.055430557639131,0.05797222499388299,LAL,1060,0.6541095890410958,0.0821917808219178
1629012,Collin Sexton,2322.1,23.500185177210284,1.0239868375476273,1.0098042598183383,0.014182577729288992,UTA,1145,0.6506849315068494,0.2636986301369863
1631095,Jabari Smith Jr.,4780.7,23.446894806199932,1.0774370241069011,1.0408741512509594,0.03656287285594173,HOU,2420,0.6472602739726028,0.1643835616438356
201572,Brook Lopez,4790.6,23.436734438274954,0.9553678632053989,1.0465281647237985,-0.0911603015183996,MIL,2372,0.6438356164383562,0.8938356164383562
203939,Dwight Powell,2843.2,23.419544879009567,0.9731197185791306,1.0352204046891158,-0.062100686109985204,DAL,1458,0.6404109589041096,0.7705479452054794
1628389,Bam Adebayo,5040,23.375964285714286,0.9791203360513961,1.0417246050908822,-0.06260426903948602,MIA,2590,0.636986301369863,0.7773972602739726
1630162,Anthony Edwards,5649.8,23.37535487981875,0.9834947721788998,1.0237159511109029,-0.040221178932003054,MIN,2778,0.6335616438356164,0.6301369863013698
1630559,Austin Reaves,3759.2,23.375210151095978,0.9646077727236454,1.010122218577499,-0.04551444585385356,LAL,1809,0.6301369863013698,0.678082191780822
201142,Kevin Durant,2794.9,23.37053919639343,0.9472164014271961,1.0247814618685265,-0.07756506044133038,BKN,1672,0.6267123287671232,0.8698630136986302
1629022,Lonnie Walker IV,2705.9,23.369078679921653,1.0857163231833418,1.026931613056399,0.05878471012694275,LAL,1297,0.6232876712328768,0.07876712328767123
201143,Al Horford,3821,23.365972258571055,0.948313919923931,1.0403113545376652,-0.09199743461373422,BOS,1921,0.6198630136986302,0.9006849315068494
203110,Draymond Green,4676.8,23.35085956209374,0.9099822293032661,1.0335844450469074,-0.12360221574364127,GSW,2278,0.6164383561643836,0.976027397260274
1627741,Buddy Hield,5000.7,23.292701021856942,1.0005158079980583,1.0253268605878396,-0.024811052589781335,IND,2458,0.613013698630137,0.541095890410959
204456,T.J. McConnell,3092.7,23.27172050312025,0.9416377426404421,1.0107665417888145,-0.06912879914837244,IND,1526,0.6095890410958904,0.8356164383561644
1629659,Talen Horton-Tucker,2685.7,23.24639386379715,1.0189910212518571,1.0131967957598986,0.005794225491958516,UTA,1313,0.6061643835616438,0.3116438356164384
1629651,Nic Claxton,4542.9,23.23588456712673,0.9113829875175663,1.0391261959567195,-0.1277432084391532,BKN,2271,0.6027397260273972,0.9794520547945206
1630552,Jalen Johnson,2042.4,23.23412651782217,0.9893624934910362,1.0270682242807712,-0.03770573078973494,ATL,1023,0.5993150684931506,0.6095890410958904
1627826,Ivica Zubac,4219.3,23.227421610219704,0.9598502452878905,1.046945718840172,-0.08709547355228153,LAC,2122,0.5958904109589042,0.8835616438356164
201569,Eric Gordon,1035.7,23.22566380225934,1.085687602148027,1.0457055875720789,0.03998201457594819,LAC,1926,0.5924657534246576,0.14383561643835616
203486,Mason Plumlee,3274.8,23.16669414926102,1.0279090431762188,1.052647312844149,-0.024738269667930135,CHA,2011,0.589041095890411,0.5376712328767124
1629667,Jalen McDaniels,3074.1,23.15267883282912,1.0522588151970456,1.0313443303380616,0.02091448485898395,CHA,1895,0.5856164383561644,0.2363013698630137
1630180,Saddiq Bey,3037.7,23.146268558448828,1.058438757906843,1.0348290914985974,0.02360966640824569,DET,2114,0.5821917808219178,0.2191780821917808
1630598,Aaron Wiggins,2587.5,23.143717874396135,1.059799022568777,1.0087207087121528,0.0510783138566242,OKC,1289,0.5787671232876712,0.09931506849315068
202696,Nikola Vucevic,5417.1,23.14301194365989,1.03486646884273,1.0577467025965124,-0.022880233753782342,CHI,2729,0.5753424657534246,0.5102739726027398
201566,Russell Westbrook,3145.1,23.134851038122793,0.9715417142090073,1.02660506009052,-0.05506334588151285,LAL,2061,0.571917808219178,0.7328767123287672
1629723,John Konchar,2979.4,23.130559844263946,0.8974940755306812,1.00992300188882,-0.11242892635813873,MEM,1458,0.5684931506849316,0.9657534246575342
1630578,Alperen Sengun,4151.1,23.128288887282885,1.0322997804577305,1.0530770928305713,-0.02077731237284075,HOU,2147,0.565068493150685,0.4965753424657534
202694,Marcus Morris Sr.,3611.6,23.12815649573596,1.032794410159637,1.0363837643436637,-0.0035893541840268384,LAC,1825,0.5616438356164384,0.3595890410958904
1630214,Xavier Tillman,2341,23.12070482699701,0.9418444232197813,1.0388109954523463,-0.096966572232565,MEM,1180,0.5582191780821918,0.9212328767123288
203506,Victor Oladipo,2109.7,23.071801677963695,1.0267297786440206,1.0179849692357883,0.008744809408232301,MIA,1082,0.5547945205479452,0.2876712328767123
1627751,Jakob Poeltl,1380.3,23.04538143881765,0.9771089444679949,1.0417254481423466,-0.06461650367435168,TOR,1895,0.5513698630136986,0.8013698630136986
1630182,Josh Green,3045.8,23.042941099218595,1.0137732222934017,1.015533327288725,-0.0017601049953233083,DAL,1539,0.547945205479452,0.3424657534246575
203497,Rudy Gobert,4185.8,23.032837211524676,0.9335242606157406,1.0451738802643193,-0.11164961964857878,MIN,2107,0.5445205479452054,0.9623287671232876
1630631,Jose Alvarado,2619.2,23.027985644471595,0.9490996554638236,1.00714391610478,-0.05804426064095636,NOP,1310,0.541095890410959,0.7568493150684932
1628374,Lauri Markkanen,4592,23.021091027874565,0.9419321887400306,1.0374554537113474,-0.0955232649713168,UTA,2272,0.5376712328767124,0.9178082191780822
1629234,Drew Eubanks,3135.4,22.9909867959431,1.0052588273172827,1.0362160072506414,-0.03095717993335878,POR,1584,0.5342465753424658,0.5684931506849316
203076,Anthony Davis,3855.9,22.969991441686766,0.9230658717046188,1.0445966198327532,-0.12153074812813436,LAL,1871,0.5308219178082192,0.9726027397260274
1629216,Gabe Vincent,3418,22.954382679929783,0.9901951266867294,1.0094924692051623,-0.01929734251843296,MIA,1751,0.5273972602739726,0.4726027397260274
203937,Kyle Anderson,3829.2,22.95044395696229,0.9664861962503914,1.0295056508850413,-0.06301945463464986,MIN,1896,0.523972602739726,0.7842465753424658
1630165,Killian Hayes,4175.7,22.94042196517949,1.054959533220403,1.019917533765255,0.035041999455147854,DET,2114,0.5205479452054794,0.17465753424657535
1629640,Keldon Johnson,4179.7,22.933045433882814,1.072530143004019,1.0355707832516106,0.036959359752408494,SAS,2063,0.5171232876712328,0.16095890410958905
201144,Mike Conley,1340.3,22.928672685219727,0.9443132898208582,1.036868261057359,-0.0925549712365008,MIN,1970,0.5136986301369864,0.9075342465753424
202685,Jonas Valanciunas,3856.7,22.883413280784094,1.047129107202124,1.0507190583034132,-0.003589951101289124,NOP,1947,0.5102739726027398,0.363013698630137
1630596,Evan Mobley,5190.5,22.863610442153938,0.9794931643881294,1.0357395361251085,-0.056246371736979106,CLE,2703,0.5068493150684932,0.7431506849315068
1628420,Monte Morris,3414.8,22.837343329038305,1.0169739537606088,1.026631432862699,-0.00965747910209025,WAS,1696,0.5034246575342466,0.4212328767123288
203944,Julius Randle,5339,22.832861959168383,1.0630291627469426,1.0323681559607405,0.030661006786202094,NYK,2737,0.5,0.1917808219178082
1630692,Jordan Goodwin,2122.4,22.824071805503202,1.0302747399306482,1.0143450862571484,0.015929653673499855,WAS,1076,0.4965753424657534,0.2568493150684932
1627750,Jamal Murray,4144.5,22.818166244420315,1.0418899798482186,1.0139414533199602,0.02794852652825841,DEN,2105,0.4931506849315068,0.20205479452054795
1630224,Jalen Green,5100.9,22.796373189045074,1.0477066421402008,1.02295057609611,0.024756066044090863,HOU,2575,0.4897260273972603,0.21232876712328766
1628369,Jayson Tatum,5473.9,22.78976049982645,0.980779097762166,1.0211364943915802,-0.04035739662941418,BOS,2732,0.4863013698630137,0.6404109589041096
203482,Kelly Olynyk,3880,22.784703608247423,1.025062574100909,1.0410736771785103,-0.01601110307760134,UTA,1912,0.4828767123287671,0.4623287671232877
1629014,Anfernee Simons,4330.5,22.77541392448909,1.0252240818592846,1.02517489453193,4.918732735470499e-5,POR,2171,0.4794520547945205,0.339041095890411
1631223,David Roddy,2379.2,22.75608187626093,0.9524891283182969,1.023778730798341,-0.07128960248004412,MEM,1216,0.476027397260274,0.839041095890411
203999,Nikola Jokic,4556.7,22.74646344942612,1.0050938004721084,1.0383667485377879,-0.033272948065679486,DEN,2296,0.4726027397260274,0.5856164383561644
1631128,Christian Braun,2184.1,22.736674144956734,0.9624322230828816,1.017543128746438,-0.055110905663556475,DEN,1133,0.4691780821917808,0.7363013698630136
1629023,P.J. Washington,4926.2,22.73393081888677,0.9602160276408037,1.035540921452393,-0.07532489381158924,CHA,2380,0.4657534246575342,0.8595890410958904
1630217,Desmond Bane,3740.6,22.733775330160938,0.9608513679052675,1.0134750913766015,-0.05262372347133404,MEM,1841,0.4623287671232877,0.7123287671232876
202704,Reggie Jackson,532.2,22.73271326568959,1.253786603837092,1.0102213835421194,0.24356522029497252,DEN,1609,0.4589041095890411,0.00684931506849315
202711,Bojan Bogdanovic,3834,22.729874804381847,1.064526266170848,1.033704019648297,0.030822246522550945,DET,1893,0.4554794520547945,0.18835616438356165
1630173,Precious Achiuwa,2134.9,22.72712070822989,1.0537101608857895,1.0351759309485582,0.018534229937231306,TOR,1112,0.4520547945205479,0.24315068493150685
1630180,Saddiq Bey,1239.6,22.712971926427883,1.081759502749223,1.0397362798931238,0.042023222856099274,ATL,2114,0.4486301369863014,0.13356164383561644
203915,Spencer Dinwiddie,1822.3,22.686961532129725,0.9404888416578109,1.026766820453756,-0.08627797879594501,BKN,2725,0.4452054794520548,0.8801369863013698
201145,Jeff Green,2102.2,22.68256588336029,1.048778637536034,1.0270162867879815,0.02176235074805244,DEN,1079,0.4417808219178082,0.2328767123287671
1629021,Moritz Wagner,2178.3,22.671050819446354,0.9970061571485059,1.037808221414848,-0.04080206426634214,ORL,1109,0.4383561643835616,0.6438356164383562
202681,Kyrie Irving,2919.3,22.650984825129314,0.9631668077900084,1.0201473752306518,-0.05698056744064339,BKN,2241,0.4349315068493151,0.75
1630168,Onyeka Okongwu,3634.9,22.65027098407109,0.9554812313287441,1.0317235489778636,-0.07624231764911948,ATL,1822,0.4315068493150685,0.863013698630137
1631114,Jalen Williams,4680.7,22.642615420770397,1.0483213994769112,1.0242128921021363,0.02410850737477488,OKC,2276,0.4280821917808219,0.21575342465753425
202704,Reggie Jackson,2643.2,22.638532838983053,1.0156915217126872,1.005030494710919,0.010661027001768186,LAC,1609,0.4246575342465753,0.2808219178082192
1629028,Deandre Ayton,4031,22.626058050111634,0.980587027098655,1.0453402293262983,-0.06475320222764336,PHX,2035,0.4212328767123288,0.8082191780821918
1627763,Malcolm Brogdon,3478.6,22.59341976657276,1.0201787420605926,1.0229231775985446,-0.002744435537952006,BOS,1744,0.4178082191780822,0.3527397260273973
1631106,Tari Eason,3376.5,22.575838886420847,1.0630339302089868,1.025085506745361,0.03794842346362581,HOU,1740,0.4143835616438356,0.15753424657534246
1629670,Jordan Nwora,1166.8,22.563275625642785,1.1685655857435,1.0247576441724264,0.14380794157107357,IND,1165,0.410958904109589,0.0136986301369863
203954,Joel Embiid,4368.7,22.523395975919613,0.9719441588658623,1.039887697645872,-0.0679435387800097,PHI,2284,0.4075342465753425,0.8287671232876712
200768,Kyle Lowry,3313.2,22.512136303271763,1.0072555378442258,1.0212213879400696,-0.013965850095843724,MIA,1708,0.4041095890410959,0.4452054794520548
202681,Kyrie Irving,1505.4,22.509984057393382,1.0087894526568117,1.0326378637812712,-0.023848411124459457,DAL,2241,0.4006849315068493,0.5273972602739726
1628960,Grayson Allen,4037.3,22.485861838357316,1.0141520306089522,1.0220108019628273,-0.007858771353875138,MIL,1972,0.3972602739726027,0.4006849315068493
1628381,John Collins,4408.5,22.477164568447318,1.0724952484387729,1.0339956691902785,0.03849957924849434,ATL,2130,0.3938356164383562,0.14726027397260275
1630188,Jalen Smith,2629,22.45825789273488,0.9973856209150327,1.038437586352719,-0.04105196543768641,IND,1279,0.3904109589041096,0.6506849315068494
203078,Bradley Beal,3298.3,22.447500227389867,0.9919797382861967,1.0309781731241332,-0.038998434837936524,WAS,1673,0.386986301369863,0.6164383561643836
1630191,Isaiah Stewart,2838.3,22.409498643554237,1.0766278144455368,1.0362876471347582,0.04034016731077861,DET,1414,0.3835616438356164,0.136986301369863
1630170,Devin Vassell,2451.9,22.385545903177128,1.0993905297702766,1.0197466699612963,0.07964385980898037,SAS,1178,0.3801369863013699,0.04794520547945205
1630208,Nick Richards,2366.4,22.330700642325898,1.0021378941742383,1.0418740362743033,-0.03973614210006504,CHA,1200,0.3767123287671233,0.6267123287671232
1631094,Paolo Banchero,4866.7,22.314510859514662,1.007063937692447,1.0404597945162768,-0.03339585682382973,ORL,2430,0.3732876712328767,0.5924657534246576
1627783,Pascal Siakam,5255.6,22.27759913235406,1.0266675276037966,1.0347064095967125,-0.008038881992915803,TOR,2652,0.3698630136986301,0.4075342465753425
1630178,Tyrese Maxey,3904.6,22.24872714234493,1.0281952697192125,1.0106241474872029,0.01757112223200963,PHI,2016,0.3664383561643836,0.2465753424657534
1629655,Daniel Gafford,3120.2,22.24316710467278,0.9934964268158959,1.0452980169987194,-0.05180159018282349,WAS,1604,0.363013698630137,0.702054794520548
1628392,Isaiah Hartenstein,3126.7,22.213333546550675,0.9709835189675722,1.0397837129355525,-0.06880019396798032,NYK,1607,0.3595890410958904,0.8321917808219178
1630570,Trendon Watford,2253.7,22.18814837822248,1.043147678803239,1.0227201282873235,0.020427550515915494,POR,1136,0.3561643835616438,0.23972602739726026
1629661,Cameron Johnson,862.6,22.18795501970786,0.9019843656043295,1.008315227700061,-0.10633086209573162,PHX,1200,0.3527397260273973,0.952054794520548
1629675,Naz Reid,2564,22.175616224648987,1.0084649579116618,1.0383104337566746,-0.029845475845012848,MIN,1251,0.3493150684931507,0.565068493150685
1629117,Wenyen Gabriel,2078.1,22.17296568981281,0.9762728620860108,1.028671768632258,-0.052398906546247126,LAL,1008,0.3458904109589041,0.7054794520547946
1629661,Cameron Johnson,1511.5,22.159173006946745,0.9624876604146101,1.0263514031204373,-0.06386374270582718,BKN,1200,0.3424657534246575,0.791095890410959
202709,Cory Joseph,2304,22.157044270833335,1.0474452554744527,1.0094738404953147,0.03797141497913792,DET,1190,0.339041095890411,0.1541095890410959
1626204,Larry Nance Jr.,2708.1,22.15491673128762,0.9662779514306323,1.033645808327675,-0.06736785689704261,NOP,1364,0.3356164383561644,0.8253424657534246
1628380,Zach Collins,2943.3,22.14579893317025,1.0092522658610272,1.0416766937877593,-0.03242442792673206,SAS,1441,0.3321917808219178,0.5787671232876712
1631097,Bennedict Mathurin,4412.1,22.126517984633168,1.0531214823794268,1.0249639511123882,0.02815753126703857,IND,2186,0.3287671232876712,0.19863013698630136
1627752,Taurean Prince,2333.4,22.10938116053827,1.0229750125775616,1.0210621091938537,0.0019129033837079756,MIN,1132,0.3253424657534247,0.3253424657534247
201935,James Harden,4121,22.040172288279546,0.974981604120677,1.0293177049399602,-0.054336100819283195,PHI,2135,0.3219178082191781,0.7226027397260274
1630175,Cole Anthony,3030.7,22.035424159435113,1.0016450859690087,1.0116579164450048,-0.010012830475996104,ORL,1552,0.3184931506849315,0.4315068493150685
1627734,Domantas Sabonis,5493.3,22.028019587497496,1.0408012554232438,1.0458439135309057,-0.005042658107661913,SAC,2717,0.3150684931506849,0.3767123287671233
1628418,Thomas Bryant,336.3,22.02491822777282,1.0556300268096515,1.0203537360340265,0.035276290775625,DEN,1060,0.3116438356164384,0.1678082191780822
203897,Zach LaVine,5447.7,22.023002367971806,0.9534418637288612,1.0259803564099053,-0.07253849268104406,CHI,2742,0.3082191780821918,0.8493150684931506
1631103,Malaki Branham,3043.4,21.99415784977328,1.0960912052117264,1.0213525952576021,0.07473860995412429,SAS,1500,0.3047945205479452,0.05821917808219178
1629018,Gary Trent Jr.,4168.5,21.986400383831114,0.9969549686713123,1.0253097063054157,-0.028354737634103455,TOR,2091,0.3013698630136986,0.5513698630136986
2544,LeBron James,3948,21.98463525835866,0.9780399683865869,1.0353239811385828,-0.057284012751995905,LAL,1921,0.2979452054794521,0.7534246575342466
1630237,Anthony Lamb,2378.3,21.97730732035487,0.9777376654632973,1.0173668854302238,-0.03962921996692648,GSW,1184,0.2945205479452055,0.6232876712328768
1631101,Shaedon Sharpe,3364.9,21.95870010995869,1.120999260589416,1.0181340443488263,0.10286521624058964,POR,1713,0.2910958904109589,0.02054794520547945
1629632,Coby White,3411.8,21.923615100533443,1.0724664421790673,1.016989254077512,0.05547718810155522,CHI,1716,0.2876712328767123,0.08904109589041095
203903,Jordan Clarkson,3996.4,21.921236612951656,1.0154691832465828,1.0210706074976925,-0.005601424251109766,UTA,1988,0.2842465753424658,0.3801369863013699
1630530,Trey Murphy III,4808.4,21.912609183928126,1.081023945881539,1.024866528822796,0.05615741705874289,NOP,2408,0.2808219178082192,0.08561643835616438
1628984,Devonte' Graham,1071.8,21.903946631834298,1.1599460097857264,1.012541990550265,0.14740401923546131,SAS,1338,0.2773972602739726,0.010273972602739725
1626164,Devin Booker,3604.2,21.850033294489762,1.015222194942303,1.0252013653764425,-0.009979170434139428,PHX,1835,0.273972602739726,0.4280821917808219
1631117,Walker Kessler,3372.5,21.80403261675315,0.9883050568275408,1.037245287162497,-0.048940230334956314,UTA,1703,0.2705479452054795,0.6952054794520548
1629060,Rui Hachimura,1476.8,21.75835590465872,0.9376260250033607,1.0313470766463155,-0.09372105164295486,LAL,1443,0.2671232876712329,0.910958904109589
203468,CJ McCollum,5171.5,21.75154210577202,1.0089309696481332,1.0176134457278567,-0.0086824760797235,NOP,2610,0.2636986301369863,0.4143835616438356
1627736,Malik Beasley,2955.9,21.7296525592882,1.0740147611753237,1.01933666614579,0.05467809502953358,UTA,2066,0.2602739726027397,0.09246575342465753
1626181,Norman Powell,3024.8,21.704145728643216,1.0473022371691767,1.0149890882327057,0.03231314893647097,LAC,1509,0.2568493150684932,0.1815068493150685
1631099,Keegan Murray,4735.6,21.69755891544894,1.0862459687963044,1.0197281771233306,0.06651779167297378,SAC,2356,0.2534246575342466,0.06506849315068493
1630543,Isaiah Jackson,2071.9,21.6939572373184,0.9941192943153178,1.031265530156306,-0.037146235840988306,IND,1017,0.25,0.6061643835616438
1631093,Jaden Ivey,4508.1,21.68836095028948,1.1120874829134935,1.0201343726895098,0.09195311022398367,DET,2268,0.2465753424657534,0.0410958904109589
202692,Alec Burks,2288.6,21.648942584986457,1.0393355138578069,1.0168942976468567,0.022441216210950188,DET,1122,0.24315068493150685,0.22945205479452055
203486,Mason Plumlee,816.1,21.628599436343585,1.0239253852392538,1.034712904720084,-0.010787519480830232,LAC,2011,0.23972602739726026,0.4349315068493151
1631105,Jalen Duren,3181.5,21.615370108439418,1.0135553994296813,1.0356907351187488,-0.022135335689067448,DET,1635,0.2363013698630137,0.5068493150684932
204001,Kristaps Porzingis,4187.8,21.604510721619942,0.933872561126204,1.039803615873989,-0.10593105474778497,WAS,2120,0.2328767123287671,0.9486301369863014
1630193,Immanuel Quickley,4502.6,21.56125793985697,0.9430533851800704,1.007224620291479,-0.06417123511140854,NYK,2307,0.22945205479452055,0.797945205479452
1629636,Darius Garland,4704.7,21.545452419920505,0.9685886589439888,1.009729893305614,-0.0411412343616252,CLE,2447,0.22602739726027396,0.6541095890410958
203992,Bogdan Bogdanovic,3055.4,21.539510375073643,1.0141987829614605,1.0200734778463993,-0.005874694884938858,ATL,1509,0.2226027397260274,0.3835616438356164
203915,Spencer Dinwiddie,3485.2,21.52479054286698,1.1354179051242421,1.0178782551209644,0.11753965000327771,DAL,2725,0.2191780821917808,0.017123287671232876
1626174,Christian Wood,3391.1,21.52408952847159,1.0287848731692906,1.0228608138120237,0.00592405935726692,DAL,1738,0.21575342465753425,0.3082191780821918
203082,Terrence Ross,1834.2,21.50688583578672,1.004998404764437,1.0205272671506613,-0.015528862386224418,ORL,1299,0.21232876712328766,0.4589041095890411
1628378,Donovan Mitchell,4728.3,21.504198126176426,1.0143055356203052,1.0170813071549576,-0.0027757715346523604,CLE,2432,0.2089041095890411,0.3561643835616438
1627742,Brandon Ingram,2971,21.502170986199932,1.011736139214893,1.0307026952136278,-0.01896655599873487,NOP,1496,0.2054794520547945,0.4691780821917808
201939,Stephen Curry,3946,21.489318297009632,1.0065215047968095,1.0128631639473886,-0.00634165915057916,GSW,1919,0.20205479452054795,0.3904109589041096
1626156,D'Angelo Russell,3610.9,21.480301309922734,0.954912121374005,1.0083972130897532,-0.05348509171574811,MIN,2271,0.19863013698630136,0.7157534246575342
1629639,Tyler Herro,4486.3,21.475032877872636,1.0121035058430718,1.0268246597213784,-0.014721153878306525,MIA,2327,0.1952054794520548,0.4554794520547945
1628983,Shai Gilgeous-Alexander,4960.5,21.47245842153009,0.9535052669814748,1.0152049565058965,-0.06169968952442173,OKC,2416,0.1917808219178082,0.7671232876712328
204060,Joe Ingles,2032.6,21.45097904162157,1.1023979997727016,1.0102820850807965,0.09211591469190505,MIL,1025,0.18835616438356165,0.03767123287671233
1629622,Max Strus,4344.8,21.449383170686797,1.1172600030427506,1.0194864173039242,0.09777358573882644,MIA,2261,0.18493150684931506,0.023972602739726026
1629669,Jaylen Nowell,2568.8,21.379130333229522,1.1113427856547122,1.0150438715174035,0.09629891413730873,MIN,1252,0.1815068493150685,0.0273972602739726
203507,Giannis Antetokounmpo,4130.1,21.329732936248515,0.8877148919586021,1.0315173039337808,-0.14380241197517873,MIL,2024,0.1780821917808219,0.9863013698630136
1629673,Jordan Poole,4981.7,21.323969729208905,1.0296884800334518,1.0181350329653431,0.01155344706810868,GSW,2441,0.17465753424657535,0.273972602739726
1628991,Jaren Jackson Jr.,3626.2,21.308455132094206,0.9518008071270844,1.0316100426269121,-0.07980923549982777,MEM,1788,0.17123287671232876,0.8732876712328768
203081,Damian Lillard,4211,21.308416053194016,1.0342804672754171,1.0267732312740496,0.00750723600136749,POR,2107,0.1678082191780822,0.2945205479452055
1626171,Bobby Portis,3553.9,21.300666873012748,0.9888974334326637,1.023453769399496,-0.034556335966832386,MIL,1800,0.1643835616438356,0.5993150684931506
1629060,Rui Hachimura,1469.8,21.275425227922167,0.8123389636415689,1.0320260086612536,-0.21968704501968472,WAS,1443,0.16095890410958905,0.9965753424657534
1628989,Kevin Huerter,4371.3,21.262958387664998,1.1026837806301049,1.0229853734722472,0.0796984071578577,SAC,2181,0.15753424657534246,0.04452054794520548
1629003,Shake Milton,3050.4,21.260637949121424,1.0577533319229955,1.008963738961324,0.04878959296167151,PHI,1531,0.1541095890410959,0.10273972602739725
1631100,AJ Griffin,2771.3,21.21192581099123,1.012873911397198,1.0150384469285094,-0.0021645355313113512,ATL,1372,0.1506849315068493,0.3458904109589041
1630557,Corey Kispert,4097.3,21.169333463500354,1.083121648320632,1.020175421393895,0.06294622692673713,WAS,2081,0.14726027397260275,0.07191780821917808
1630573,Sam Hauser,2402.5,21.167096774193546,0.9815448197235286,1.0055628484560584,-0.024018028732529784,BOS,1252,0.14383561643835616,0.5308219178082192
1629634,Brandon Clarke,2249.8,21.101751266779267,0.9973163124682671,1.0298877750289614,-0.03257146256069432,MEM,1090,0.1404109589041096,0.5821917808219178
1627736,Malik Beasley,1226.6,21.071946844937226,0.9853890587835542,1.014154969420342,-0.028765910636787795,LAL,2066,0.136986301369863,0.5547945205479452
1630583,Santi Aldama,3389.7,21.070395610230992,1.0038297536323437,1.0243132402221784,-0.020483486589834676,MEM,1682,0.13356164383561644,0.4931506849315068
201142,Kevin Durant,494.7,21.01465534667475,0.6517311608961304,1.0126673967891262,-0.36093623589299584,PHX,1672,0.13013698630136986,1
1629008,Michael Porter Jr.,3533.5,21.00607895853969,1.0223048327137547,1.0299339627424313,-0.007629130028676601,DEN,1778,0.1267123287671233,0.3972602739726027
1627777,Georges Niang,2970.9,20.996331078124474,1.0215807174887892,1.0210629399076703,5.177775811189278e-4,PHI,1512,0.1232876712328767,0.3356164383561644
1628379,Luke Kennard,1422.8,20.982885858869835,1.0036754311563472,1.0181773789404243,-0.014501947784077096,LAC,1315,0.11986301369863013,0.4520547945205479
1628984,Devonte' Graham,1596.8,20.975112725450902,0.9193492954519418,1.0179568751820502,-0.09860757973010847,NOP,1338,0.11643835616438356,0.928082191780822
1629630,Ja Morant,3928,20.97026985743381,0.8981814597604849,1.007995841511143,-0.10981438175065805,MEM,1948,0.11301369863013698,0.958904109589041
1629029,Luka Doncic,4685.1,20.92830249087533,0.9799870652486347,1.0215087988635034,-0.04152173361486877,DAL,2390,0.1095890410958904,0.660958904109589
1628973,Jalen Brunson,4659,20.910519424769262,1.0791294955394648,1.0027773722723614,0.07635212326710339,NYK,2379,0.10616438356164383,0.0547945205479452
1627814,Damion Lee,2893.2,20.902678694870733,1.0683205611118327,1.0199745661329407,0.048345994978892026,PHX,1475,0.10273972602739725,0.10616438356164383
1630538,Bones Hyland,1553.3,20.897135131655187,1.0754716981132075,1.0116866862266298,0.0637850118865777,DEN,1046,0.09931506849315068,0.0684931506849315
1629626,Bol Bol,2918.1,20.87550118227614,0.9755014625992479,1.0321228669833595,-0.05662140438411167,ORL,1478,0.0958904109589041,0.7465753424657534
1630231,Kenyon Martin Jr.,4432.4,20.86928300694883,1.0883241066935079,1.0205399101140202,0.06778419657948764,HOU,2271,0.09246575342465753,0.06164383561643835
1629052,Oshae Brissett,2082.9,20.819194392433626,0.9941736798298345,1.014600588617193,-0.020426908787358422,IND,1055,0.08904109589041095,0.4897260273972603
203925,Joe Harris,3028.8,20.800125462229264,1.0008043558965474,1.0206543772134493,-0.019850021316901945,BKN,1527,0.08561643835616438,0.4863013698630137
203552,Seth Curry,2371.6,20.753153988868277,1.055666168906587,1.009813413673454,0.045852755233132925,BKN,1211,0.0821917808219178,0.11986301369863013
203082,Terrence Ross,710.3,20.736083345065467,1.28175519630485,1.0178768713033493,0.26387832500150066,PHX,1299,0.07876712328767123,0.003424657534246575
1626224,Cedi Osman,2914.1,20.73230843141965,0.9429419789744001,1.0193209521900397,-0.07637897321563958,CLE,1532,0.07534246575342465,0.8664383561643836
1628379,Luke Kennard,1103.2,20.697815445975344,1.0035720360605545,1.0247264854586702,-0.021154449398115727,MEM,1315,0.07191780821917808,0.5
1629027,Trae Young,5223.8,20.67521344615031,1.0045622038954203,1.0086349233101004,-0.004072719414680126,ATL,2541,0.0684931506849315,0.3664383561643836
101108,Chris Paul,3668.2,20.641140068698547,1.0072697486305227,1.015390265045443,-0.008120516414920287,PHX,1889,0.06506849315068493,0.410958904109589
1630169,Tyrese Haliburton,3784.9,20.638072340088243,1.02752019144481,1.016236435668495,0.011283755776315019,IND,1883,0.06164383561643835,0.2773972602739726
1628370,Malik Monk,3421.6,20.594902969371056,1.0360706062931697,1.0086351550900272,0.027435451203142502,SAC,1702,0.05821917808219178,0.2054794520547945
201942,DeMar DeRozan,5302.5,20.46860726072607,1.0151085930122756,1.024396705845808,-0.00928811283353248,CHI,2658,0.0547945205479452,0.4178082191780822
1630163,LaMelo Ball,2648.7,20.4446936232869,1.0660247592847318,1.014607792969043,0.05141696631568893,CHA,1268,0.05136986301369863,0.0958904109589041
1626156,D'Angelo Russell,1001.4,20.392730177751147,0.9757383966244726,1.024092739685498,-0.04835434306102537,LAL,2271,0.04794520547945205,0.6917808219178082
1626145,Tyus Jones,3867.5,20.37813316095669,0.9888712241653418,1.0058483724906353,-0.016977148325293512,MEM,1939,0.04452054794520548,0.4657534246575342
1626192,Pat Connaughton,2921.4,20.3494591634148,0.9445390256678889,1.0320174093002703,-0.08747838363238136,MIL,1443,0.0410958904109589,0.886986301369863
1630198,Isaiah Joe,2735.5,20.329862913544144,0.9915716410510659,1.005820425384609,-0.014248784333543152,OKC,1395,0.03767123287671233,0.4486301369863014
201567,Kevin Love,820.5,20.30170627666057,0.9861458533769483,1.0461206308597861,-0.05997477748283786,MIA,1231,0.03424657534246575,0.7636986301369864
1626168,Trey Lyles,2450.1,20.264752459083304,1.0377685377685377,1.0065147244273678,0.031253813341169945,SAC,1228,0.030821917808219176,0.18493150684931506
203926,Doug McDermott,2684.3,20.24385128338859,1.1057903202222548,1.0098944224095314,0.09589589781272334,SAS,1314,0.0273972602739726,0.030821917808219176
1630167,Obi Toppin,2013.1,20.187129303064925,0.9902782087082429,1.02249963291239,-0.0322214242041472,NYK,1014,0.023972602739726026,0.5753424657534246
1630581,Josh Giddey,4803.2,20.15854430379747,1.031397342477497,1.021217709041599,0.010179633435897895,OKC,2367,0.02054794520547945,0.2842465753424658
1628449,Chris Boucher,2938.3,20.133842698158798,0.9916920196583198,1.0257291143970206,-0.03403709473870087,TOR,1504,0.017123287671232876,0.5958904109589042
201567,Kevin Love,1593.9,20.112736056214317,0.9940498677748395,1.0273726444311517,-0.033322776656312225,CLE,1231,0.0136986301369863,0.589041095890411
1630538,Bones Hyland,438.7,20.037998632322772,1.0612443292287752,1.0138614026845394,0.047382926544235815,LAC,1046,0.010273972602739725,0.1095890410958904
1629670,Jordan Nwora,1179.9,20.007941350961943,1.0339159024052604,1.0009238401187412,0.032992062286519186,MIL,1165,0.00684931506849315,0.1780821917808219
1630544,Tre Mann,2203.7,19.756223623905253,0.9592017085205097,0.9985531770751722,-0.03935146855466254,OKC,1137,0.003424657534246575,0.6198630136986302
